{
  "quality": {
    "cloud_quality": "FAST",
    "weather_quality": "FAST",
    "enable_vignette": true,
    "enable_fog": true,
    "enable_clouds": true,
    "smooth_lighting": "LOW"
  },
  "advanced": {
    "use_vertex_array_objects": true,
    "use_chunk_multidraw": true,
    "translucency_sorting": true,
    "use_leaves_culling": true,
    "animate_only_visible_textures": true,
    "use_entity_culling": true,
    "use_particle_culling": true,
    "use_fog_occlusion": true,
    "use_compact_vertex_format": true,
    "use_block_face_culling": true,
    "allow_direct_memory_access": true,
    "ignore_driver_blacklist": false
  },
  "fps_counter": true
}